year,state,fpl_type,mid_acs,moe,low_acs,high_acs
2016,Alabama,fpl_000100_disability,20372,2884.5304643910417,17487.469535608958,23256.530464391042
2016,Alabama,fpl_000100_total,265901,11758.58482131247,254142.41517868754,277659.58482131246
2016,Alabama,fpl_100200_disability,13583,2183.683356166823,11399.316643833177,15766.683356166823
2016,Alabama,fpl_100200_total,237579,11228.037094701816,226350.9629052982,248807.0370947018
2016,Alaska,fpl_000100_disability,1772,721.697304969334,1050.302695030666,2493.6973049693343
2016,Alaska,fpl_000100_total,25938,3589.0695172983205,22348.93048270168,29527.06951729832
2016,Alaska,fpl_100200_disability,944,412.60998533724313,531.3900146627568,1356.6099853372432
2016,Alaska,fpl_100200_total,33640,3478.0675669112584,30161.932433088743,37118.06756691126
2016,Arizona,fpl_000100_disability,20049,2882.9072132137726,17166.092786786226,22931.907213213774
2016,Arizona,fpl_000100_total,378800,14139.439840389718,364660.5601596103,392939.4398403897
2016,Arizona,fpl_100200_disability,17609,2854.0926754399547,14754.907324560045,20463.092675439955
2016,Arizona,fpl_100200_total,394509,14604.438058343772,379904.5619416562,409113.4380583438
2016,Arkansas,fpl_000100_disability,10888,1831.850703523625,9056.149296476375,12719.850703523625
2016,Arkansas,fpl_000100_total,165100,9641.279531265547,155458.72046873445,174741.27953126555
2016,Arkansas,fpl_100200_disability,12556,2056.9715603284358,10499.028439671565,14612.971560328435
2016,Arkansas,fpl_100200_total,191097,9123.285537568141,181973.71446243185,200220.28553756815
2016,California,fpl_000100_disability,82905,5989.130905231576,76915.86909476842,88894.13090523158
2016,California,fpl_000100_total,1785347,31094.542431108388,1754252.4575688916,1816441.5424311084
2016,California,fpl_100200_disability,79678,5679.742511769349,73998.25748823065,85357.74251176935
2016,California,fpl_100200_total,2059967,32582.139555283964,2027384.860444716,2092549.139555284
2016,Colorado,fpl_000100_disability,8653,1754.6768933339265,6898.323106666074,10407.676893333926
2016,Colorado,fpl_000100_total,166204,9077.460823380072,157126.53917661993,175281.46082338007
2016,Colorado,fpl_100200_disability,7896,1724.9110121974409,6171.088987802559,9620.91101219744
2016,Colorado,fpl_100200_total,246581,12152.844564133946,234428.15543586607,258733.84456413393
2016,Connecticut,fpl_000100_disability,5438,1216.6951138226864,4221.304886177313,6654.695113822687
2016,Connecticut,fpl_000100_total,95597,7349.986598627238,88247.01340137277,102946.98659862723
2016,Connecticut,fpl_100200_disability,6251,1543.289020242158,4707.710979757842,7794.289020242158
2016,Connecticut,fpl_100200_total,126814,8314.154797692909,118499.84520230709,135128.1547976929
2016,Delaware,fpl_000100_disability,2226,904.5766965824401,1321.42330341756,3130.57669658244
2016,Delaware,fpl_000100_total,35002,4627.619906604258,30374.380093395743,39629.61990660426
2016,Delaware,fpl_100200_disability,2096,885.7894783750821,1210.2105216249179,2981.789478375082
2016,Delaware,fpl_100200_total,37380,4641.065718129835,32738.934281870166,42021.06571812984
2016,Florida,fpl_000100_disability,50630,4916.285386346078,45713.71461365392,55546.28538634608
2016,Florida,fpl_000100_total,858711,25320.41741362097,833390.582586379,884031.417413621
2016,Florida,fpl_100200_disability,52395,4735.910260974125,47659.089739025876,57130.910260974124
2016,Florida,fpl_100200_total,1040093,24249.009361208966,1015843.990638791,1064342.0093612089
2016,Georgia,fpl_000100_disability,37272,5882.661812479109,31389.33818752089,43154.66181247911
2016,Georgia,fpl_000100_total,566005,18981.351400782823,547023.6485992172,584986.3514007828
2016,Georgia,fpl_100200_disability,29819,4187.873087857367,25631.126912142634,34006.87308785737
2016,Georgia,fpl_100200_total,571580,19941.15510696409,551638.844893036,591521.155106964
2016,Hawaii,fpl_000100_disability,873,520.2883815731426,352.7116184268574,1393.2883815731425
2016,Hawaii,fpl_000100_total,30507,3928.0586808244093,26578.941319175592,34435.05868082441
2016,Hawaii,fpl_100200_disability,1578,748.9212241617939,829.0787758382061,2326.921224161794
2016,Hawaii,fpl_100200_total,56571,5151.693896185991,51419.30610381401,61722.69389618599
2016,Idaho,fpl_000100_disability,5403,1235.0558691816334,4167.944130818367,6638.055869181633
2016,Idaho,fpl_000100_total,76266,6447.966578697505,69818.03342130249,82713.96657869751
2016,Idaho,fpl_100200_disability,5418,1320.8387486744928,4097.161251325508,6738.838748674492
2016,Idaho,fpl_100200_total,115877,7925.068012326456,107951.93198767354,123802.06801232646
2016,Illinois,fpl_000100_disability,24916,2604.012480768861,22311.987519231137,27520.012480768863
2016,Illinois,fpl_000100_total,511679,15852.88964195487,495826.11035804515,527531.8896419549
2016,Illinois,fpl_100200_disability,24132,2719.9988970586,21412.0011029414,26851.9988970586
2016,Illinois,fpl_100200_total,593191,18003.06398922139,575187.9360107786,611194.0639892214
2016,Indiana,fpl_000100_disability,22490,3408.216689120573,19081.783310879426,25898.216689120574
2016,Indiana,fpl_000100_total,301156,14349.74571203267,286806.25428796734,315505.74571203266
2016,Indiana,fpl_100200_disability,17068,2297.1064407205863,14770.893559279413,19365.106440720585
2016,Indiana,fpl_100200_total,363702,12778.152800776801,350923.8471992232,376480.1528007768
2016,Iowa,fpl_000100_disability,6816,1758.2323509707128,5057.767649029287,8574.232350970713
2016,Iowa,fpl_000100_total,105032,6669.150770525434,98362.84922947457,111701.15077052543
2016,Iowa,fpl_100200_disability,8282,1483.5541783163835,6798.4458216836165,9765.554178316383
2016,Iowa,fpl_100200_total,139260,6675.212505980615,132584.78749401937,145935.21250598063
2016,Kansas,fpl_000100_disability,7100,1451.7265582746636,5648.273441725336,8551.726558274664
2016,Kansas,fpl_000100_total,99323,6846.230057484192,92476.7699425158,106169.2300574842
2016,Kansas,fpl_100200_disability,8617,1979.85352993599,6637.14647006401,10596.85352993599
2016,Kansas,fpl_100200_total,172377,8697.299235969751,163679.70076403025,181074.29923596975
2016,Kentucky,fpl_000100_disability,22157,2803.1416303854503,19353.85836961455,24960.14163038545
2016,Kentucky,fpl_000100_total,247780,10538.16554244618,237241.8344575538,258318.1655424462
2016,Kentucky,fpl_100200_disability,13502,1834.1660230197265,11667.833976980273,15336.166023019727
2016,Kentucky,fpl_100200_total,223549,9541.003458756317,214007.9965412437,233090.0034587563
2016,Louisiana,fpl_000100_disability,24543,3468.032727642575,21074.967272357426,28011.032727642574
2016,Louisiana,fpl_000100_total,313926,14183.122434781419,299742.8775652186,328109.1224347814
2016,Louisiana,fpl_100200_disability,14059,2364.211073487306,11694.788926512694,16423.211073487306
2016,Louisiana,fpl_100200_total,227920,12101.927201896398,215818.0727981036,240021.9272018964
2016,Maine,fpl_000100_disability,5206,1357.0434775643705,3848.9565224356293,6563.043477564371
2016,Maine,fpl_000100_total,42753,4092.748587440963,38660.25141255904,46845.74858744096
2016,Maine,fpl_100200_disability,4026,1203.0498742778705,2822.9501257221295,5229.049874277871
2016,Maine,fpl_100200_total,50808,4941.045840710244,45866.95415928976,55749.04584071024
2016,Maryland,fpl_000100_disability,12006,2232.993058654684,9773.006941345317,14238.993058654683
2016,Maryland,fpl_000100_total,168811,9574.560146555037,159236.43985344496,178385.56014655504
2016,Maryland,fpl_100200_disability,11431,2383.5580546737265,9047.441945326274,13814.558054673726
2016,Maryland,fpl_100200_total,213611,11018.862055584506,202592.1379444155,224629.8620555845
2016,Massachusetts,fpl_000100_disability,17662,2556.5275277219293,15105.47247227807,20218.52752772193
2016,Massachusetts,fpl_000100_total,184743,8711.37652727742,176031.62347272257,193454.37652727743
2016,Massachusetts,fpl_100200_disability,12137,2206.3771209836273,9930.622879016373,14343.377120983627
2016,Massachusetts,fpl_100200_total,183506,10540.025474352517,172965.97452564747,194046.02547435253
2016,Michigan,fpl_000100_disability,32371,3134.634587954392,29236.36541204561,35505.634587954395
2016,Michigan,fpl_000100_total,445803,13283.524005323286,432519.4759946767,459086.5240053233
2016,Michigan,fpl_100200_disability,30395,3039.114015630213,27355.885984369786,33434.11401563021
2016,Michigan,fpl_100200_total,455034,13337.576316557668,441696.42368344235,468371.57631655765
2016,Minnesota,fpl_000100_disability,10175,1472.2768082123687,8702.72319178763,11647.27680821237
2016,Minnesota,fpl_000100_total,160626,8498.15797687946,152127.84202312055,169124.15797687945
2016,Minnesota,fpl_100200_disability,13045,1878.7109942724028,11166.289005727598,14923.710994272402
2016,Minnesota,fpl_100200_total,227961,9907.103209314013,218053.89679068598,237868.10320931402
2016,Mississippi,fpl_000100_disability,17121,2775.243052419013,14345.756947580987,19896.243052419013
2016,Mississippi,fpl_000100_total,211466,10410.760490953578,201055.23950904643,221876.76049095357
2016,Mississippi,fpl_100200_disability,8241,1966.8388342718881,6274.161165728112,10207.838834271888
2016,Mississippi,fpl_100200_total,167782,9052.954490109845,158729.04550989016,176834.95449010984
2016,Missouri,fpl_000100_disability,18083,2636.1521200416337,15446.847879958366,20719.152120041632
2016,Missouri,fpl_000100_total,261353,12337.356848206993,249015.64315179302,273690.356848207
2016,Missouri,fpl_100200_disability,17442,2325.5923976483928,15116.407602351606,19767.592397648394
2016,Missouri,fpl_100200_total,315154,12768.75745716865,302385.24254283134,327922.75745716866
2016,Montana,fpl_000100_disability,2293,809.7981229911563,1483.2018770088437,3102.7981229911566
2016,Montana,fpl_000100_total,33818,4030.6132287779733,29787.386771222027,37848.61322877798
2016,Montana,fpl_100200_disability,2037,659.7310057894808,1377.2689942105192,2696.731005789481
2016,Montana,fpl_100200_total,55509,4924.853500359173,50584.146499640825,60433.853500359175
2016,Nebraska,fpl_000100_disability,3295,1002.0439112134757,2292.9560887865246,4297.043911213475
2016,Nebraska,fpl_000100_total,65847,5774.960259603524,60072.039740396474,71621.96025960353
2016,Nebraska,fpl_100200_disability,3798,847.5830342804179,2950.416965719582,4645.583034280418
2016,Nebraska,fpl_100200_total,101162,6562.908577757274,94599.09142224272,107724.90857775728
2016,Nevada,fpl_000100_disability,6288,1626.0304425194504,4661.96955748055,7914.03044251945
2016,Nevada,fpl_000100_total,126874,8839.77392244847,118034.22607755153,135713.77392244848
2016,Nevada,fpl_100200_disability,9617,2021.9003437360607,7595.099656263939,11638.90034373606
2016,Nevada,fpl_100200_total,181294,9991.543724570292,171302.4562754297,191285.5437245703
2016,New Hampshire,fpl_000100_disability,2111,1006.1008895732077,1104.8991104267923,3117.1008895732075
2016,New Hampshire,fpl_000100_total,20141,2979.0812342062777,17161.918765793722,23120.081234206278
2016,New Hampshire,fpl_100200_disability,2873,925.930882949694,1947.069117050306,3798.930882949694
2016,New Hampshire,fpl_100200_total,39300,4275.329227088833,35024.670772911166,43575.329227088834
2016,New Jersey,fpl_000100_disability,12369,2410.2609817196144,9958.739018280387,14779.260981719613
2016,New Jersey,fpl_000100_total,285479,13914.189915334633,271564.81008466537,299393.18991533463
2016,New Jersey,fpl_100200_disability,14775,2375.501420753101,12399.4985792469,17150.501420753102
2016,New Jersey,fpl_100200_total,331139,13507.560290444755,317631.43970955524,344646.56029044476
2016,New Mexico,fpl_000100_disability,5699,1251.4355756490224,4447.564424350978,6950.435575649022
2016,New Mexico,fpl_000100_total,145284,8703.293399627522,136580.70660037248,153987.29339962752
2016,New Mexico,fpl_100200_disability,6638,1569.2788152524076,5068.721184747592,8207.278815252408
2016,New Mexico,fpl_100200_total,123017,7831.452611106065,115185.54738889393,130848.45261110607
2016,New York,fpl_000100_disability,50066,3857.800020737208,46208.19997926279,53923.80002073721
2016,New York,fpl_000100_total,847288,21531.864248132348,825756.1357518677,868819.8642481323
2016,New York,fpl_100200_disability,38504,3512.151335008217,34991.84866499178,42016.15133500822
2016,New York,fpl_100200_total,795140,20103.48711044927,775036.5128895508,815243.4871104492
2016,North Carolina,fpl_000100_disability,28324,3042.0207099886748,25281.979290011324,31366.020709988676
2016,North Carolina,fpl_000100_total,489553,18263.50596134269,471289.4940386573,507816.5059613427
2016,North Carolina,fpl_100200_disability,28090,2880.7946820278603,25209.20531797214,30970.79468202786
2016,North Carolina,fpl_100200_total,545032,17375.418786319944,527656.5812136801,562407.4187863199
2016,North Dakota,fpl_000100_disability,1126,569.4242706453598,556.5757293546402,1695.4242706453597
2016,North Dakota,fpl_000100_total,21210,3124.112193888049,18085.88780611195,24334.11219388805
2016,North Dakota,fpl_100200_disability,1335,562.130767704455,772.869232295545,1897.1307677044551
2016,North Dakota,fpl_100200_total,30257,3106.136828924315,27150.863171075685,33363.13682892432
2016,Ohio,fpl_000100_disability,43571,4166.836569869281,39404.16343013072,47737.83656986928
2016,Ohio,fpl_000100_total,524660,16849.588689341945,507810.41131065803,541509.5886893419
2016,Ohio,fpl_100200_disability,32216,3035.1589744196267,29180.841025580372,35251.158974419624
2016,Ohio,fpl_100200_total,523887,15920.109453141333,507966.89054685866,539807.1094531413
2016,Oklahoma,fpl_000100_disability,15732,2195.531826232542,13536.468173767458,17927.53182623254
2016,Oklahoma,fpl_000100_total,216713,9119.401954075716,207593.59804592427,225832.40195407573
2016,Oklahoma,fpl_100200_disability,11904,1665.7652895891426,10238.234710410858,13569.765289589142
2016,Oklahoma,fpl_100200_total,239811,9033.428751033574,230777.57124896641,248844.42875103359
2016,Oregon,fpl_000100_disability,11093,2110.2357688182615,8982.764231181738,13203.235768818262
2016,Oregon,fpl_000100_total,144361,9570.112486277265,134790.88751372273,153931.11248627727
2016,Oregon,fpl_100200_disability,10198,2138.84361279641,8059.1563872035895,12336.84361279641
2016,Oregon,fpl_100200_total,192903,10007.524968742271,182895.47503125772,202910.52496874228
2016,Pennsylvania,fpl_000100_disability,44158,3786.1549096675903,40371.84509033241,47944.15490966759
2016,Pennsylvania,fpl_000100_total,486029,16372.001832396672,469656.99816760333,502401.00183239667
2016,Pennsylvania,fpl_100200_disability,34451,3424.2834286898624,31026.71657131014,37875.283428689865
2016,Pennsylvania,fpl_100200_total,514378,15163.552585063962,499214.44741493603,529541.552585064
2016,Rhode Island,fpl_000100_disability,4039,1297.186185557031,2741.813814442969,5336.186185557031
2016,Rhode Island,fpl_000100_total,35106,4483.505659637333,30622.494340362668,39589.50565963733
2016,Rhode Island,fpl_100200_disability,2964,1053.3945129912154,1910.6054870087846,4017.3945129912154
2016,Rhode Island,fpl_100200_total,42450,4162.124337402716,38287.87566259728,46612.12433740272
2016,South Carolina,fpl_000100_disability,16855,2513.87469854804,14341.12530145196,19368.87469854804
2016,South Carolina,fpl_000100_total,248595,12581.465653889454,236013.53434611054,261176.46565388946
2016,South Carolina,fpl_100200_disability,14825,2104.7961896582765,12720.203810341724,16929.79618965828
2016,South Carolina,fpl_100200_total,260270,12409.981224804493,247860.0187751955,272679.9812248045
2016,South Dakota,fpl_000100_disability,1825,681.6590056619218,1143.3409943380782,2506.6590056619216
2016,South Dakota,fpl_000100_total,35460,3568.339950172909,31891.660049827093,39028.33995017291
2016,South Dakota,fpl_100200_disability,2156,701.3116283079869,1454.688371692013,2857.311628307987
2016,South Dakota,fpl_100200_total,45367,3701.8314386260213,41665.168561373976,49068.831438626024
2016,Tennessee,fpl_000100_disability,20470,3084.609051403435,17385.390948596563,23554.609051403437
2016,Tennessee,fpl_000100_total,334238,13650.777267247458,320587.22273275256,347888.77726724744
2016,Tennessee,fpl_100200_disability,17622,2471.589164889667,15150.410835110333,20093.589164889665
2016,Tennessee,fpl_100200_total,355606,14334.922357655098,341271.0776423449,369940.9223576551
2016,Texas,fpl_000100_disability,91858,6568.1584938245815,85289.84150617542,98426.15849382458
2016,Texas,fpl_000100_total,1619026,31107.035008177812,1587918.9649918221,1650133.0350081779
2016,Texas,fpl_100200_disability,82066,4930.7497401510855,77135.25025984891,86996.74974015109
2016,Texas,fpl_100200_total,1763311,34559.2847582238,1728751.7152417763,1797870.2847582237
2016,United States,fpl_000100_disability,891756,19629.055631894265,872126.9443681057,911385.0556318943
2016,United States,fpl_000100_total,14115713,106103.47409486647,14009609.525905134,14221816.474094866
2016,United States,fpl_100200_disability,793873,16634.44444518662,777238.5555548134,810507.4444451866
2016,United States,fpl_100200_total,15860161,94892.26149165168,15765268.738508347,15955053.261491653
2016,Utah,fpl_000100_disability,5616,1449.1576863819894,4166.842313618011,7065.157686381989
2016,Utah,fpl_000100_total,100801,7217.911262962437,93583.08873703756,108018.91126296244
2016,Utah,fpl_100200_disability,7837,1469.6952064969116,6367.304793503088,9306.695206496912
2016,Utah,fpl_100200_total,202794,10353.794521816628,192440.20547818337,213147.79452181663
2016,Vermont,fpl_000100_disability,1812,896.5439197273048,915.4560802726952,2708.543919727305
2016,Vermont,fpl_000100_total,17167,2561.7773127264595,14605.222687273541,19728.77731272646
2016,Vermont,fpl_100200_disability,929,401.1520908583177,527.8479091416823,1330.1520908583177
2016,Vermont,fpl_100200_total,20046,2434.7967060927285,17611.20329390727,22480.79670609273
2016,Virginia,fpl_000100_disability,17919,2668.1115044165604,15250.88849558344,20587.11150441656
2016,Virginia,fpl_000100_total,261817,12058.996724437735,249758.00327556225,273875.99672443775
2016,Virginia,fpl_100200_disability,17751,2432.377026696314,15318.622973303685,20183.377026696315
2016,Virginia,fpl_100200_total,329209,14103.619996298823,315105.3800037012,343312.6199962988
2016,Washington,fpl_000100_disability,12609,2493.106094814258,10115.893905185741,15102.106094814259
2016,Washington,fpl_000100_total,219668,11082.984661182203,208585.0153388178,230750.9846611822
2016,Washington,fpl_100200_disability,15667,2742.148610123091,12924.851389876909,18409.14861012309
2016,Washington,fpl_100200_total,330135,15127.47226075791,315007.52773924207,345262.47226075793
2016,West Virginia,fpl_000100_disability,7176,1680.5335462286969,5495.466453771303,8856.533546228697
2016,West Virginia,fpl_000100_total,88351,6129.331121745668,82221.66887825434,94480.33112174566
2016,West Virginia,fpl_100200_disability,7024,1507.5493358427777,5516.4506641572225,8531.549335842778
2016,West Virginia,fpl_100200_total,95264,7160.654369539141,88103.34563046086,102424.65436953914
2016,Wisconsin,fpl_000100_disability,15386,1947.7122477409234,13438.287752259077,17333.712247740925
2016,Wisconsin,fpl_000100_total,198480,9298.526496171315,189181.4735038287,207778.5264961713
2016,Wisconsin,fpl_100200_disability,13110,2294.815896755119,10815.184103244881,15404.815896755119
2016,Wisconsin,fpl_100200_total,247907,10005.017691138783,237901.98230886122,257912.01769113878
2016,Wyoming,fpl_000100_disability,1411,612.6328427369855,798.3671572630145,2023.6328427369854
2016,Wyoming,fpl_000100_total,15367,2599.4547505198084,12767.545249480192,17966.45475051981
2016,Wyoming,fpl_100200_disability,2002,926.5991582124387,1075.4008417875611,2928.599158212439
2016,Wyoming,fpl_100200_total,29733,3930.1971960704464,25802.802803929553,33663.19719607045
2017,Alabama,fpl_000100_disability,17167,2464.426505294893,14702.573494705106,19631.426505294894
2017,Alabama,fpl_000100_total,265078,12383.88787901441,252694.11212098558,277461.8878790144
2017,Alabama,fpl_100200_disability,11389,2307.3519454127495,9081.648054587251,13696.351945412749
2017,Alabama,fpl_100200_total,245828,12051.52861673572,233776.4713832643,257879.5286167357
2017,Alaska,fpl_000100_disability,835,459.6498667464182,375.3501332535818,1294.6498667464182
2017,Alaska,fpl_000100_total,26865,3601.1473171754583,23263.85268282454,30466.14731717546
2017,Alaska,fpl_100200_disability,1004,467.29326979959814,536.7067302004018,1471.2932697995982
2017,Alaska,fpl_100200_total,34304,3992.40366195604,30311.59633804396,38296.40366195604
2017,Arizona,fpl_000100_disability,16329,2593.085228063281,13735.91477193672,18922.085228063283
2017,Arizona,fpl_000100_total,332299,14426.427728304745,317872.57227169524,346725.42772830476
2017,Arizona,fpl_100200_disability,16869,2602.630400191314,14266.369599808686,19471.630400191316
2017,Arizona,fpl_100200_total,398019,17920.04400106205,380098.95599893795,415939.04400106205
2017,Arkansas,fpl_000100_disability,12845,2322.0262703078965,10522.973729692103,15167.026270307897
2017,Arkansas,fpl_000100_total,156427,9421.76835843463,147005.23164156536,165848.76835843464
2017,Arkansas,fpl_100200_disability,14176,2729.9780218895535,11446.021978110446,16905.978021889554
2017,Arkansas,fpl_100200_total,190049,9554.290292847501,180494.7097071525,199603.2902928475
2017,California,fpl_000100_disability,64766,5491.941095823953,59274.05890417605,70257.94109582395
2017,California,fpl_000100_total,1618889,32372.783985934853,1586516.216014065,1651261.783985935
2017,California,fpl_100200_disability,75580,5232.845975184058,70347.15402481594,80812.84597518406
2017,California,fpl_100200_total,1959670,36357.23908659732,1923312.7609134028,1996027.2390865972
2017,Colorado,fpl_000100_disability,9296,1927.4278196601813,7368.572180339819,11223.42781966018
2017,Colorado,fpl_000100_total,149043,9738.559698435904,139304.4403015641,158781.5596984359
2017,Colorado,fpl_100200_disability,10302,1903.3386456434914,8398.661354356509,12205.338645643491
2017,Colorado,fpl_100200_total,245424,11739.769588880354,233684.23041111964,257163.76958888036
2017,Connecticut,fpl_000100_disability,5929,1465.1904313091866,4463.809568690814,7394.190431309186
2017,Connecticut,fpl_000100_total,92583,7271.880980874205,85311.11901912579,99854.88098087421
2017,Connecticut,fpl_100200_disability,7878,1591.6865269267062,6286.313473073294,9469.686526926705
2017,Connecticut,fpl_100200_total,128305,8783.477557323182,119521.52244267683,137088.47755732317
2017,Delaware,fpl_000100_disability,1642,750.6883507821339,891.3116492178661,2392.688350782134
2017,Delaware,fpl_000100_total,36755,4509.309370624286,32245.690629375713,41264.30937062429
2017,Delaware,fpl_100200_disability,1483,846.674671878166,636.325328121834,2329.674671878166
2017,Delaware,fpl_100200_total,40218,4935.067780689542,35282.93221931046,45153.06778068954
2017,Florida,fpl_000100_disability,57020,5834.322239986406,51185.6777600136,62854.3222399864
2017,Florida,fpl_000100_total,840179,25711.3300122728,814467.6699877272,865890.3300122728
2017,Florida,fpl_100200_disability,54023,5515.325828996869,48507.674171003135,59538.325828996865
2017,Florida,fpl_100200_total,1054946,24792.449515931257,1030153.5504840687,1079738.4495159313
2017,Georgia,fpl_000100_disability,28534,3940.046954034939,24593.95304596506,32474.04695403494
2017,Georgia,fpl_000100_total,519099,21503.709470693655,497595.29052930634,540602.7094706936
2017,Georgia,fpl_100200_disability,26151,3511.913723313829,22639.086276686172,29662.913723313828
2017,Georgia,fpl_100200_total,585197,18423.625946050903,566773.3740539491,603620.6259460509
2017,Hawaii,fpl_000100_disability,1068,533.9325800136194,534.0674199863806,1601.9325800136194
2017,Hawaii,fpl_000100_total,34441,4401.547227964275,30039.452772035726,38842.54722796428
2017,Hawaii,fpl_100200_disability,1057,522.3284407343716,534.6715592656284,1579.3284407343717
2017,Hawaii,fpl_100200_total,48820,4784.270268285436,44035.729731714564,53604.270268285436
2017,Idaho,fpl_000100_disability,3449,899.329750425282,2549.670249574718,4348.329750425282
2017,Idaho,fpl_000100_total,67147,6723.162128046593,60423.83787195341,73870.16212804659
2017,Idaho,fpl_100200_disability,8492,1907.4385966525895,6584.56140334741,10399.43859665259
2017,Idaho,fpl_100200_total,115808,8327.284731531641,107480.71526846835,124135.28473153165
2017,Illinois,fpl_000100_disability,26269,3187.633448186915,23081.366551813084,29456.633448186916
2017,Illinois,fpl_000100_total,486196,17152.357476452034,469043.642523548,503348.357476452
2017,Illinois,fpl_100200_disability,20292,2171.832175836798,18120.167824163203,22463.832175836797
2017,Illinois,fpl_100200_total,577326,17378.77872579083,559947.2212742092,594704.7787257908
2017,Indiana,fpl_000100_disability,21427,3448.3046559142654,17978.695344085736,24875.304655914264
2017,Indiana,fpl_000100_total,282390,13649.827581328638,268740.17241867137,296039.82758132863
2017,Indiana,fpl_100200_disability,22426,3348.408278570581,19077.59172142942,25774.40827857058
2017,Indiana,fpl_100200_total,342211,13398.649297597127,328812.3507024029,355609.6492975971
2017,Iowa,fpl_000100_disability,6932,1787.1180710853998,5144.8819289146,8719.1180710854
2017,Iowa,fpl_000100_total,88070,5740.609026923886,82329.39097307611,93810.60902692389
2017,Iowa,fpl_100200_disability,6719,1285.6465299607044,5433.353470039296,8004.646529960704
2017,Iowa,fpl_100200_total,150621,8298.3777330271,142322.6222669729,158919.3777330271
2017,Kansas,fpl_000100_disability,6786,1519.0882133701123,5266.9117866298875,8305.088213370112
2017,Kansas,fpl_000100_total,103684,7434.598913189601,96249.4010868104,111118.5989131896
2017,Kansas,fpl_100200_disability,7273,1355.346450174272,5917.653549825728,8628.346450174271
2017,Kansas,fpl_100200_total,165605,8873.77833845313,156731.22166154688,174478.77833845312
2017,Kentucky,fpl_000100_disability,19274,2625.1906597426405,16648.809340257358,21899.190659742642
2017,Kentucky,fpl_000100_total,222906,10004.234353512516,212901.76564648747,232910.23435351253
2017,Kentucky,fpl_100200_disability,15308,2438.6988333945624,12869.301166605437,17746.698833394563
2017,Kentucky,fpl_100200_total,213340,9745.972501500299,203594.0274984997,223085.9725015003
2017,Louisiana,fpl_000100_disability,19628,3055.520250301084,16572.479749698916,22683.520250301084
2017,Louisiana,fpl_000100_total,306513,13249.07959067346,293263.92040932656,319762.07959067344
2017,Louisiana,fpl_100200_disability,16956,3111.256177173458,13844.743822826542,20067.256177173458
2017,Louisiana,fpl_100200_total,245413,11986.586294687908,233426.4137053121,257399.5862946879
2017,Maine,fpl_000100_disability,3294,908.877879585591,2385.122120414409,4202.877879585591
2017,Maine,fpl_000100_total,32567,3403.9844300466475,29163.015569953353,35970.98443004665
2017,Maine,fpl_100200_disability,4154,1111.6995997120805,3042.3004002879197,5265.69959971208
2017,Maine,fpl_100200_total,48227,4582.242136771037,43644.757863228966,52809.242136771034
2017,Maryland,fpl_000100_disability,11556,2045.9694523623757,9510.030547637623,13601.969452362377
2017,Maryland,fpl_000100_total,159886,9967.873042931476,149918.1269570685,169853.8730429315
2017,Maryland,fpl_100200_disability,10377,1951.2385810043834,8425.761418995617,12328.238581004383
2017,Maryland,fpl_100200_total,234102,11783.723392883932,222318.27660711607,245885.72339288393
2017,Massachusetts,fpl_000100_disability,15086,2464.6044307352854,12621.395569264714,17550.604430735286
2017,Massachusetts,fpl_000100_total,182470,10872.86820484825,171597.13179515174,193342.86820484826
2017,Massachusetts,fpl_100200_disability,10046,2309.1277574010496,7736.872242598951,12355.12775740105
2017,Massachusetts,fpl_100200_total,188417,10443.883473114778,177973.11652688522,198860.88347311478
2017,Michigan,fpl_000100_disability,32123,3524.852762882444,28598.147237117555,35647.852762882445
2017,Michigan,fpl_000100_total,419449,13205.088829689863,406243.9111703101,432654.0888296899
2017,Michigan,fpl_100200_disability,25614,2888.460316500817,22725.539683499184,28502.460316500816
2017,Michigan,fpl_100200_total,457176,13967.403982129248,443208.59601787076,471143.40398212924
2017,Minnesota,fpl_000100_disability,11608,2242.9442703732075,9365.055729626793,13850.944270373207
2017,Minnesota,fpl_000100_total,149926,8551.019939165151,141374.98006083485,158477.01993916515
2017,Minnesota,fpl_100200_disability,13339,2217.8996821317237,11121.100317868277,15556.899682131723
2017,Minnesota,fpl_100200_total,220560,8900.34594833257,211659.65405166743,229460.34594833257
2017,Mississippi,fpl_000100_disability,10330,1901.5125558354855,8428.487444164515,12231.512555835485
2017,Mississippi,fpl_000100_total,189541,9735.979509017056,179805.02049098295,199276.97950901705
2017,Mississippi,fpl_100200_disability,11249,2169.1111082653188,9079.888891734681,13418.111108265319
2017,Mississippi,fpl_100200_total,176701,10032.661710632927,166668.33828936706,186733.66171063294
2017,Missouri,fpl_000100_disability,20434,2931.282824976123,17502.717175023878,23365.282824976122
2017,Missouri,fpl_000100_total,252041,12321.575751501916,239719.42424849808,264362.5757515019
2017,Missouri,fpl_100200_disability,16217,2558.6054795532664,13658.394520446735,18775.605479553265
2017,Missouri,fpl_100200_total,309889,11206.056264359911,298682.9437356401,321095.0562643599
2017,Montana,fpl_000100_disability,1859,696.5601194441152,1162.4398805558849,2555.560119444115
2017,Montana,fpl_000100_total,32857,3749.1313660633446,29107.868633936654,36606.131366063346
2017,Montana,fpl_100200_disability,2297,737.0766581570739,1559.9233418429262,3034.076658157074
2017,Montana,fpl_100200_total,52197,4709.768784133676,47487.231215866326,56906.768784133674
2017,Nebraska,fpl_000100_disability,3342,873.5748393812634,2468.4251606187368,4215.574839381264
2017,Nebraska,fpl_000100_total,65591,5412.728239991363,60178.27176000864,71003.72823999137
2017,Nebraska,fpl_100200_disability,4972,1001.184298718273,3970.815701281727,5973.184298718273
2017,Nebraska,fpl_100200_total,106963,6961.495744450326,100001.50425554968,113924.49574445032
2017,Nevada,fpl_000100_disability,4414,1317.0337884807664,3096.9662115192336,5731.033788480767
2017,Nevada,fpl_000100_total,124514,9573.416631485334,114940.58336851466,134087.41663148534
2017,Nevada,fpl_100200_disability,6983,2064.3894981325593,4918.610501867441,9047.38949813256
2017,Nevada,fpl_100200_total,159130,8522.373906371393,150607.6260936286,167652.3739063714
2017,New Hampshire,fpl_000100_disability,3875,1441.81864324193,2433.1813567580703,5316.81864324193
2017,New Hampshire,fpl_000100_total,25909,3771.6082776449625,22137.391722355038,29680.608277644962
2017,New Hampshire,fpl_100200_disability,2995,1122.0931333895596,1872.9068666104404,4117.09313338956
2017,New Hampshire,fpl_100200_total,33661,3993.5934945860477,29667.406505413954,37654.59349458605
2017,New Jersey,fpl_000100_disability,16878,2651.652126505285,14226.347873494715,19529.652126505287
2017,New Jersey,fpl_000100_total,272251,13490.586421649728,258760.41357835027,285741.5864216497
2017,New Jersey,fpl_100200_disability,15146,2819.1002110602594,12326.89978893974,17965.10021106026
2017,New Jersey,fpl_100200_total,314396,13817.068610960865,300578.93138903915,328213.06861096085
2017,New Mexico,fpl_000100_disability,7850,1677.7839551026825,6172.216044897317,9527.783955102683
2017,New Mexico,fpl_000100_total,130502,8960.394355160937,121541.60564483906,139462.39435516094
2017,New Mexico,fpl_100200_disability,5614,1538.2363277468128,4075.763672253187,7152.236327746813
2017,New Mexico,fpl_100200_total,125672,8276.496420587639,117395.50357941235,133948.49642058765
2017,New York,fpl_000100_disability,57242,5085.934427418427,52156.065572581574,62327.934427418426
2017,New York,fpl_000100_total,803171,22314.73997159725,780856.2600284028,825485.7399715972
2017,New York,fpl_100200_disability,38624,3695.7286155777183,34928.27138442228,42319.72861557772
2017,New York,fpl_100200_total,809256,21272.013938506152,787983.9860614939,830528.0139385061
2017,North Carolina,fpl_000100_disability,28512,3389.755595909534,25122.244404090467,31901.755595909533
2017,North Carolina,fpl_000100_total,481494,16803.623567552328,464690.3764324477,498297.6235675523
2017,North Carolina,fpl_100200_disability,23299,3033.7007103536102,20265.29928964639,26332.70071035361
2017,North Carolina,fpl_100200_total,504462,15887.046736256552,488574.95326374343,520349.04673625657
2017,North Dakota,fpl_000100_disability,1019,466.4204112171765,552.5795887828235,1485.4204112171765
2017,North Dakota,fpl_000100_total,18519,2496.6479527558545,16022.352047244145,21015.647952755855
2017,North Dakota,fpl_100200_disability,739,380.2709560300392,358.7290439699608,1119.270956030039
2017,North Dakota,fpl_100200_total,30777,3463.314597318586,27313.685402681414,34240.31459731859
2017,Ohio,fpl_000100_disability,42366,3792.03863376944,38573.961366230564,46158.038633769436
2017,Ohio,fpl_000100_total,513238,17129.275232770357,496108.72476722964,530367.2752327704
2017,Ohio,fpl_100200_disability,33788,3315.0954737382754,30472.904526261726,37103.09547373828
2017,Ohio,fpl_100200_total,529883,15088.839352316003,514794.160647684,544971.839352316
2017,Oklahoma,fpl_000100_disability,16406,1879.3405758403665,14526.659424159634,18285.340575840368
2017,Oklahoma,fpl_000100_total,202674,7828.25280634191,194845.74719365808,210502.25280634192
2017,Oklahoma,fpl_100200_disability,14552,1969.6979463867042,12582.302053613295,16521.697946386703
2017,Oklahoma,fpl_100200_total,248071,10041.753681504042,238029.24631849595,258112.75368150405
2017,Oregon,fpl_000100_disability,9507,2057.2936105476047,7449.706389452395,11564.293610547604
2017,Oregon,fpl_000100_total,141151,9257.072647440982,131893.92735255903,150408.07264744097
2017,Oregon,fpl_100200_disability,8012,1928.4415988045891,6083.558401195411,9940.44159880459
2017,Oregon,fpl_100200_total,192642,10384.723443597331,182257.27655640268,203026.72344359732
2017,Pennsylvania,fpl_000100_disability,45424,5055.916435227149,40368.08356477285,50479.91643522715
2017,Pennsylvania,fpl_000100_total,444486,16494.82591602591,427991.1740839741,460980.8259160259
2017,Pennsylvania,fpl_100200_disability,30561,3088.6098814839015,27472.390118516098,33649.6098814839
2017,Pennsylvania,fpl_100200_total,501318,15642.172419456321,485675.8275805437,516960.1724194563
2017,Rhode Island,fpl_000100_disability,3700,1460.859336144312,2239.140663855688,5160.859336144312
2017,Rhode Island,fpl_000100_total,33858,4491.115896968146,29366.884103031854,38349.11589696815
2017,Rhode Island,fpl_100200_disability,1862,961.5289907225887,900.4710092774113,2823.528990722589
2017,Rhode Island,fpl_100200_total,32522,4301.291782709004,28220.708217290994,36823.291782709006
2017,South Carolina,fpl_000100_disability,17649,2942.1709671601343,14706.829032839865,20591.170967160135
2017,South Carolina,fpl_000100_total,245023,11584.787740826328,233438.21225917368,256607.78774082632
2017,South Carolina,fpl_100200_disability,15875,2798.55998685038,13076.44001314962,18673.55998685038
2017,South Carolina,fpl_100200_total,269306,13252.031466911027,256053.96853308898,282558.031466911
2017,South Dakota,fpl_000100_disability,1453,623.6112571145585,829.3887428854415,2076.6112571145586
2017,South Dakota,fpl_000100_total,34442,3525.483371113811,30916.516628886187,37967.48337111381
2017,South Dakota,fpl_100200_disability,1599,575.7403928855435,1023.2596071144565,2174.7403928855438
2017,South Dakota,fpl_100200_total,40731,3921.7207957732026,36809.2792042268,44652.7207957732
2017,Tennessee,fpl_000100_disability,26423,3435.0017467244465,22987.998253275553,29858.001746724447
2017,Tennessee,fpl_000100_total,314781,13654.636062524698,301126.3639374753,328435.6360625247
2017,Tennessee,fpl_100200_disability,21685,3208.2074434175856,18476.792556582415,24893.207443417585
2017,Tennessee,fpl_100200_total,350876,14552.230585034034,336323.769414966,365428.230585034
2017,Texas,fpl_000100_disability,83495,6835.0185076559965,76659.981492344,90330.018507656
2017,Texas,fpl_000100_total,1524712,35282.27220574095,1489429.727794259,1559994.272205741
2017,Texas,fpl_100200_disability,80039,6444.634822858468,73594.36517714153,86483.63482285847
2017,Texas,fpl_100200_total,1757489,35735.110717612166,1721753.889282388,1793224.110717612
2017,United States,fpl_000100_disability,855190,19335.598516725568,835854.4014832744,874525.5985167256
2017,United States,fpl_000100_total,13353197,97153.78015805664,13256043.219841944,13450350.780158056
2017,United States,fpl_100200_disability,785791,19295.69270588646,766495.3072941136,805086.6927058864
2017,United States,fpl_100200_total,15665679,100629.34995815088,15565049.650041848,15766308.349958152
2017,Utah,fpl_000100_disability,5304,1330.6817801412928,3973.3182198587074,6634.681780141293
2017,Utah,fpl_000100_total,97832,7026.516206485259,90805.48379351474,104858.51620648526
2017,Utah,fpl_100200_disability,9868,1918.2244394230827,7949.775560576917,11786.224439423082
2017,Utah,fpl_100200_total,196302,10129.183135870335,186172.81686412968,206431.18313587032
2017,Vermont,fpl_000100_disability,1557,705.4948617814307,851.5051382185693,2262.4948617814307
2017,Vermont,fpl_000100_total,15946,2483.9754427127496,13462.02455728725,18429.97544271275
2017,Vermont,fpl_100200_disability,1044,495.2676044321898,548.7323955678103,1539.2676044321897
2017,Vermont,fpl_100200_total,24122,3235.349440168712,20886.650559831287,27357.349440168713
2017,Virginia,fpl_000100_disability,16131,2301.720877951973,13829.279122048027,18432.72087795197
2017,Virginia,fpl_000100_total,258133,12417.620947669486,245715.3790523305,270550.6209476695
2017,Virginia,fpl_100200_disability,16247,2195.0129840162676,14051.987015983732,18442.012984016266
2017,Virginia,fpl_100200_total,322011,11716.102039501022,310294.897960499,333727.102039501
2017,Washington,fpl_000100_disability,13837,2192.0114050798184,11644.988594920182,16029.011405079818
2017,Washington,fpl_000100_total,232452,12444.18554988634,220007.81445011366,244896.18554988634
2017,Washington,fpl_100200_disability,17572,2352.7862206328905,15219.21377936711,19924.78622063289
2017,Washington,fpl_100200_total,304882,12329.34864459595,292552.65135540406,317211.34864459594
2017,West Virginia,fpl_000100_disability,7105,1659.9189739261371,5445.081026073863,8764.918973926136
2017,West Virginia,fpl_000100_total,93758,6593.324957864583,87164.67504213542,100351.32495786458
2017,West Virginia,fpl_100200_disability,5663,1394.4877195586917,4268.512280441309,7057.487719558691
2017,West Virginia,fpl_100200_total,78425,5897.957782147987,72527.04221785201,84322.95778214799
2017,Wisconsin,fpl_000100_disability,12750,1804.7997118794096,10945.20028812059,14554.79971187941
2017,Wisconsin,fpl_000100_total,181828,9070.352032859584,172757.64796714042,190898.35203285958
2017,Wisconsin,fpl_100200_disability,15410,2125.3693796608627,13284.630620339138,17535.369379660864
2017,Wisconsin,fpl_100200_total,254007,10451.3672789736,243555.6327210264,264458.3672789736
2017,Wyoming,fpl_000100_disability,1125,819.4089333171808,305.59106668281925,1944.4089333171808
2017,Wyoming,fpl_000100_total,18013,2818.3017936338897,15194.69820636611,20831.30179363389
2017,Wyoming,fpl_100200_disability,1883,965.5935998130891,917.4064001869109,2848.593599813089
2017,Wyoming,fpl_100200_total,29129,3489.3658449638096,25639.63415503619,32618.36584496381
2018,Alabama,fpl_000100_disability,17833,2531.494025274403,15301.505974725596,20364.4940252744
2018,Alabama,fpl_000100_total,255186,11869.27622056206,243316.72377943795,267055.27622056205
2018,Alabama,fpl_100200_disability,12582,2071.767361457362,10510.232638542639,14653.767361457361
2018,Alabama,fpl_100200_total,237962,11511.595762534402,226450.40423746558,249473.59576253442
2018,Alaska,fpl_000100_disability,1081,446.0515665256653,634.9484334743347,1527.0515665256653
2018,Alaska,fpl_000100_total,25327,3298.0644323602896,22028.93556763971,28625.06443236029
2018,Alaska,fpl_100200_disability,914,561.3724254004644,352.6275745995356,1475.3724254004644
2018,Alaska,fpl_100200_total,29040,3296.2768391019586,25743.72316089804,32336.27683910196
2018,Arizona,fpl_000100_disability,18782,3969.7486066500483,14812.251393349952,22751.74860665005
2018,Arizona,fpl_000100_total,324622,14110.061622827874,310511.9383771721,338732.0616228279
2018,Arizona,fpl_100200_disability,18290,2866.451639222263,15423.548360777737,21156.451639222265
2018,Arizona,fpl_100200_total,396856,15221.80216005976,381634.19783994026,412077.80216005974
2018,Arkansas,fpl_000100_disability,14306,2585.596062806408,11720.403937193592,16891.59606280641
2018,Arkansas,fpl_000100_total,170769,9732.593796105948,161036.40620389406,180501.59379610594
2018,Arkansas,fpl_100200_disability,12648,2412.453108352575,10235.546891647426,15060.453108352574
2018,Arkansas,fpl_100200_total,175779,8695.096606708865,167083.90339329114,184474.09660670886
2018,California,fpl_000100_disability,66663,5120.422541158103,61542.5774588419,71783.4225411581
2018,California,fpl_000100_total,1541067,28784.896838446373,1512282.1031615536,1569851.8968384464
2018,California,fpl_100200_disability,73863,5367.834759006651,68495.16524099334,79230.83475900666
2018,California,fpl_100200_total,1914422,32597.313416906,1881824.686583094,1947019.313416906
2018,Colorado,fpl_000100_disability,8764,2042.5662779944253,6721.433722005575,10806.566277994425
2018,Colorado,fpl_000100_total,149487,10407.355427773186,139079.64457222683,159894.35542777317
2018,Colorado,fpl_100200_disability,10163,1909.8950232931652,8253.104976706834,12072.895023293166
2018,Colorado,fpl_100200_total,242872,11927.363371676072,230944.63662832393,254799.36337167607
2018,Connecticut,fpl_000100_disability,8088,2032.9141644447263,6055.085835555274,10120.914164444726
2018,Connecticut,fpl_000100_total,102083,7129.799015400084,94953.20098459991,109212.79901540009
2018,Connecticut,fpl_100200_disability,5632,1253.9170626480843,4378.0829373519155,6885.9170626480845
2018,Connecticut,fpl_100200_total,118323,7878.475931295342,110444.52406870466,126201.47593129534
2018,Delaware,fpl_000100_disability,2165,881.1407379074014,1283.8592620925986,3046.1407379074017
2018,Delaware,fpl_000100_total,37283,4513.081652263783,32769.91834773622,41796.08165226378
2018,Delaware,fpl_100200_disability,2461,945.5559211384592,1515.4440788615407,3406.5559211384593
2018,Delaware,fpl_100200_total,40028,5036.290599240675,34991.709400759326,45064.290599240674
2018,Florida,fpl_000100_disability,50535,6152.9695269845115,44382.03047301549,56687.96952698451
2018,Florida,fpl_000100_total,819235,24884.126144994523,794350.8738550055,844119.1261449945
2018,Florida,fpl_100200_disability,51216,4931.592136420042,46284.40786357996,56147.59213642004
2018,Florida,fpl_100200_total,1027200,26177.925528964282,1001022.0744710357,1053377.9255289643
2018,Georgia,fpl_000100_disability,32294,4385.940948074883,27908.059051925116,36679.94094807488
2018,Georgia,fpl_000100_total,504745,19988.094031197674,484756.90596880234,524733.0940311977
2018,Georgia,fpl_100200_disability,24987,3198.8713634655583,21788.128636534442,28185.871363465558
2018,Georgia,fpl_100200_total,574484,18817.380503141238,555666.6194968588,593301.3805031412
2018,Hawaii,fpl_000100_disability,2052,1179.2853768278483,872.7146231721517,3231.2853768278483
2018,Hawaii,fpl_000100_total,35368,4648.814795192427,30719.185204807574,40016.814795192426
2018,Hawaii,fpl_100200_disability,1251,669.4258734169154,581.5741265830846,1920.4258734169152
2018,Hawaii,fpl_100200_total,50658,5346.2932018362035,45311.706798163796,56004.293201836204
2018,Idaho,fpl_000100_disability,3872,1338.3015355292694,2533.698464470731,5210.301535529269
2018,Idaho,fpl_000100_total,62855,6772.783918005948,56082.216081994055,69627.78391800595
2018,Idaho,fpl_100200_disability,5709,1346.3149705770934,4362.685029422906,7055.314970577094
2018,Idaho,fpl_100200_total,121983,7979.030454886108,114003.9695451139,129962.0304548861
2018,Illinois,fpl_000100_disability,28367,2938.283512529041,25428.71648747096,31305.28351252904
2018,Illinois,fpl_000100_total,456926,17153.250362540624,439772.7496374594,474079.2503625406
2018,Illinois,fpl_100200_disability,23397,2837.6077953092813,20559.392204690717,26234.607795309283
2018,Illinois,fpl_100200_total,572923,17156.07711570451,555766.9228842955,590079.0771157045
2018,Indiana,fpl_000100_disability,18886,2469.8925077824742,16416.107492217525,21355.892507782475
2018,Indiana,fpl_000100_total,275370,11959.779513017787,263410.2204869822,287329.7795130178
2018,Indiana,fpl_100200_disability,19926,3013.1289384956626,16912.87106150434,22939.12893849566
2018,Indiana,fpl_100200_total,344005,15403.272087449472,328601.7279125505,359408.2720874495
2018,Iowa,fpl_000100_disability,5903,1312.750166634916,4590.249833365084,7215.750166634916
2018,Iowa,fpl_000100_total,97222,6214.301167468471,91007.69883253153,103436.30116746847
2018,Iowa,fpl_100200_disability,6354,1135.956865378259,5218.043134621741,7489.956865378259
2018,Iowa,fpl_100200_total,144957,7549.713173359634,137407.28682664037,152506.71317335963
2018,Kansas,fpl_000100_disability,7539,1559.9554480817712,5979.0445519182285,9098.955448081771
2018,Kansas,fpl_000100_total,103210,7158.114346669799,96051.8856533302,110368.1143466698
2018,Kansas,fpl_100200_disability,9602,1990.6938488878695,7611.3061511121305,11592.69384888787
2018,Kansas,fpl_100200_total,156019,8456.639639951558,147562.36036004845,164475.63963995155
2018,Kentucky,fpl_000100_disability,23535,3424.39965541407,20110.60034458593,26959.39965541407
2018,Kentucky,fpl_000100_total,225710,11204.532743492699,214505.4672565073,236914.5327434927
2018,Kentucky,fpl_100200_disability,16806,2586.6669673539345,14219.333032646065,19392.666967353936
2018,Kentucky,fpl_100200_total,218732,9944.663242161596,208787.3367578384,228676.6632421616
2018,Louisiana,fpl_000100_disability,19810,3429.613972446462,16380.386027553537,23239.613972446463
2018,Louisiana,fpl_000100_total,283218,13728.044361816435,269489.9556381836,296946.0443618164
2018,Louisiana,fpl_100200_disability,16317,3101.3408390565523,13215.659160943447,19418.340839056553
2018,Louisiana,fpl_100200_total,260524,13129.413924467459,247394.58607553254,273653.41392446746
2018,Maine,fpl_000100_disability,3032,889.2418118824598,2142.75818811754,3921.24181188246
2018,Maine,fpl_000100_total,34878,3727.401641894793,31150.598358105206,38605.401641894794
2018,Maine,fpl_100200_disability,3985,1250.4011356360807,2734.5988643639193,5235.401135636081
2018,Maine,fpl_100200_total,48680,4623.803737184354,44056.19626281565,53303.80373718435
2018,Maryland,fpl_000100_disability,12978,2544.281234455028,10433.718765544972,15522.281234455028
2018,Maryland,fpl_000100_total,152237,10190.09357169992,142046.90642830008,162427.09357169992
2018,Maryland,fpl_100200_disability,11342,2257.0819657247716,9084.918034275228,13599.081965724772
2018,Maryland,fpl_100200_total,224040,11785.700191333564,212254.29980866643,235825.70019133357
2018,Massachusetts,fpl_000100_disability,13883,2693.15447013349,11189.84552986651,16576.15447013349
2018,Massachusetts,fpl_000100_total,163788,9906.252015772665,153881.74798422735,173694.25201577265
2018,Massachusetts,fpl_100200_disability,13718,2676.5924232127686,11041.407576787231,16394.59242321277
2018,Massachusetts,fpl_100200_total,198932,10918.299776064037,188013.70022393597,209850.29977606403
2018,Michigan,fpl_000100_disability,30698,3045.296537284998,27652.703462715002,33743.296537285
2018,Michigan,fpl_000100_total,412692,15190.384359850807,397501.6156401492,427882.3843598508
2018,Michigan,fpl_100200_disability,26003,2834.222644747586,23168.777355252416,28837.222644747584
2018,Michigan,fpl_100200_total,448891,15420.488967604108,433470.5110323959,464311.4889676041
2018,Minnesota,fpl_000100_disability,7921,1539.8629809174581,6381.137019082542,9460.862980917458
2018,Minnesota,fpl_000100_total,149502,9066.993492883956,140435.00650711605,158568.99349288395
2018,Minnesota,fpl_100200_disability,12044,2070.5262616059717,9973.473738394028,14114.526261605972
2018,Minnesota,fpl_100200_total,222723,9067.08382006034,213655.91617993967,231790.08382006033
2018,Mississippi,fpl_000100_disability,14981,2619.3065876296346,12361.693412370365,17600.306587629635
2018,Mississippi,fpl_000100_total,192952,10858.835066433232,182093.16493356676,203810.83506643324
2018,Mississippi,fpl_100200_disability,8318,1848.8025854590317,6469.197414540969,10166.802585459032
2018,Mississippi,fpl_100200_total,167289,9643.189617548749,157645.81038245125,176932.18961754875
2018,Missouri,fpl_000100_disability,18319,2601.3338886040756,15717.666111395924,20920.333888604076
2018,Missouri,fpl_000100_total,247209,12380.951982783876,234828.04801721612,259589.95198278388
2018,Missouri,fpl_100200_disability,17902,2680.8912697086394,15221.10873029136,20582.891269708638
2018,Missouri,fpl_100200_total,299403,12125.739482604762,287277.2605173952,311528.7394826048
2018,Montana,fpl_000100_disability,2265,832.8265125462806,1432.1734874537194,3097.8265125462804
2018,Montana,fpl_000100_total,35999,3935.5498980447446,32063.450101955255,39934.549898044745
2018,Montana,fpl_100200_disability,3751,1133.7049880811146,2617.2950119188854,4884.704988081115
2018,Montana,fpl_100200_total,55726,4667.397454684999,51058.602545315,60393.397454685
2018,Nebraska,fpl_000100_disability,3694,1043.686255538512,2650.313744461488,4737.686255538512
2018,Nebraska,fpl_000100_total,60110,4918.867247649605,55191.13275235039,65028.86724764961
2018,Nebraska,fpl_100200_disability,3861,959.17933672489,2901.82066327511,4820.17933672489
2018,Nebraska,fpl_100200_total,102967,6332.031190700185,96634.96880929981,109299.03119070019
2018,Nevada,fpl_000100_disability,8862,2094.5266768413335,6767.473323158667,10956.526676841333
2018,Nevada,fpl_000100_total,120091,7834.744539549455,112256.25546045054,127925.74453954946
2018,Nevada,fpl_100200_disability,7134,1873.3707588195136,5260.629241180486,9007.370758819514
2018,Nevada,fpl_100200_total,172440,10148.243936760684,162291.75606323933,182588.24393676067
2018,New Hampshire,fpl_000100_disability,1922,692.0997037999655,1229.9002962000345,2614.0997037999655
2018,New Hampshire,fpl_000100_total,26830,3575.70216880545,23254.297831194548,30405.702168805452
2018,New Hampshire,fpl_100200_disability,2801,891.3209298563565,1909.6790701436435,3692.3209298563565
2018,New Hampshire,fpl_100200_total,33689,4075.058036396537,29613.94196360346,37764.058036396535
2018,New Jersey,fpl_000100_disability,14895,2508.923075743854,12386.076924256146,17403.923075743853
2018,New Jersey,fpl_000100_total,264253,13363.30236131773,250889.69763868226,277616.30236131774
2018,New Jersey,fpl_100200_disability,10446,1882.1947295643988,8563.805270435601,12328.194729564399
2018,New Jersey,fpl_100200_total,298600,13954.02124837138,284645.9787516286,312554.0212483714
2018,New Mexico,fpl_000100_disability,10359,2382.011964705467,7976.988035294533,12741.011964705467
2018,New Mexico,fpl_000100_total,124024,8267.487768361076,115756.51223163892,132291.48776836108
2018,New Mexico,fpl_100200_disability,5197,1433.9347962860793,3763.0652037139207,6630.934796286079
2018,New Mexico,fpl_100200_total,120023,7750.428697820527,112272.57130217948,127773.42869782052
2018,New York,fpl_000100_disability,48229,4183.33814076749,44045.66185923251,52412.33814076749
2018,New York,fpl_000100_total,743024,21140.010737934834,721883.9892620652,764164.0107379348
2018,New York,fpl_100200_disability,30576,3463.012705723154,27112.987294276845,34039.01270572315
2018,New York,fpl_100200_total,794782,20946.669353384084,773835.3306466159,815728.6693533841
2018,North Carolina,fpl_000100_disability,28820,3506.5239197815263,25313.476080218476,32326.523919781524
2018,North Carolina,fpl_000100_total,455971,15711.478447300879,440259.5215526991,471682.4784473009
2018,North Carolina,fpl_100200_disability,26796,3244.9419101117974,23551.058089888204,30040.941910111796
2018,North Carolina,fpl_100200_total,533609,17212.24078962411,516396.7592103759,550821.2407896242
2018,North Dakota,fpl_000100_disability,827,411.02676311889957,415.97323688110043,1238.0267631188995
2018,North Dakota,fpl_000100_total,17145,2540.432640319361,14604.56735968064,19685.432640319363
2018,North Dakota,fpl_100200_disability,1158,462.03354856546946,695.9664514345305,1620.0335485654696
2018,North Dakota,fpl_100200_total,32434,4027.7847509518183,28406.215249048182,36461.78475095182
2018,Ohio,fpl_000100_disability,39374,3830.3897973966045,35543.6102026034,43204.3897973966
2018,Ohio,fpl_000100_total,495616,16639.501555034632,478976.49844496534,512255.50155503466
2018,Ohio,fpl_100200_disability,34372,3426.6266210370804,30945.37337896292,37798.62662103708
2018,Ohio,fpl_100200_total,534914,16791.51482148052,518122.4851785195,551705.5148214805
2018,Oklahoma,fpl_000100_disability,14731,1917.1361454002165,12813.863854599784,16648.136145400218
2018,Oklahoma,fpl_000100_total,202779,7738.330246248218,195040.66975375178,210517.33024624822
2018,Oklahoma,fpl_100200_disability,11049,1150.2756191452552,9898.724380854745,12199.275619145255
2018,Oklahoma,fpl_100200_total,229320,8957.155686935446,220362.84431306456,238277.15568693544
2018,Oregon,fpl_000100_disability,10019,2101.3674119487055,7917.632588051294,12120.367411948706
2018,Oregon,fpl_000100_total,134383,10537.638112973893,123845.36188702611,144920.6381129739
2018,Oregon,fpl_100200_disability,8929,1932.086695777392,6996.913304222608,10861.086695777392
2018,Oregon,fpl_100200_total,179828,9776.759432449997,170051.24056755,189604.75943245
2018,Pennsylvania,fpl_000100_disability,43170,4092.473701809213,39077.52629819079,47262.47370180921
2018,Pennsylvania,fpl_000100_total,434736,15089.363107831954,419646.636892168,449825.363107832
2018,Pennsylvania,fpl_100200_disability,35880,4184.2719796877445,31695.728020312257,40064.27197968774
2018,Pennsylvania,fpl_100200_total,507661,16327.530799235994,491333.469200764,523988.530799236
2018,Rhode Island,fpl_000100_disability,2540,1028.6170327191749,1511.3829672808251,3568.617032719175
2018,Rhode Island,fpl_000100_total,36135,4771.19398054617,31363.80601945383,40906.19398054617
2018,Rhode Island,fpl_100200_disability,1825,1040.271599150914,784.728400849086,2865.271599150914
2018,Rhode Island,fpl_100200_total,33754,4536.841081633784,29217.158918366214,38290.841081633786
2018,South Carolina,fpl_000100_disability,15779,2973.3876302964604,12805.61236970354,18752.38763029646
2018,South Carolina,fpl_000100_total,245821,12876.936359243218,232944.0636407568,258697.9363592432
2018,South Carolina,fpl_100200_disability,11625,2182.2142424610834,9442.785757538917,13807.214242461083
2018,South Carolina,fpl_100200_total,256724,13668.266093400436,243055.73390659958,270392.2660934004
2018,South Dakota,fpl_000100_disability,2327,861.8294494852215,1465.1705505147784,3188.8294494852216
2018,South Dakota,fpl_000100_total,34201,3519.963210035014,30681.036789964986,37720.96321003501
2018,South Dakota,fpl_100200_disability,999,419.4985101284628,579.5014898715372,1418.4985101284628
2018,South Dakota,fpl_100200_total,46893,4327.293033756785,42565.70696624322,51220.29303375678
2018,Tennessee,fpl_000100_disability,24414,3180.0946526793823,21233.90534732062,27594.09465267938
2018,Tennessee,fpl_000100_total,330998,14814.0210948952,316183.9789051048,345812.0210948952
2018,Tennessee,fpl_100200_disability,18061,2562.1005054447023,15498.899494555299,20623.1005054447
2018,Tennessee,fpl_100200_total,356823,15101.885809394798,341721.1141906052,371924.8858093948
2018,Texas,fpl_000100_disability,92832,7071.695624106003,85760.30437589399,99903.69562410601
2018,Texas,fpl_000100_total,1545362,34800.64931865496,1510561.350681345,1580162.649318655
2018,Texas,fpl_100200_disability,77782,6155.334596916727,71626.66540308327,83937.33459691673
2018,Texas,fpl_100200_total,1754049,36587.40221715666,1717461.5977828433,1790636.4022171567
2018,United States,fpl_000100_disability,854813,19713.020823810846,835099.9791761892,874526.0208238108
2018,United States,fpl_000100_total,12997511,96159.44925487043,12901351.55074513,13093670.44925487
2018,United States,fpl_100200_disability,759903,16225.779334133693,743677.2206658663,776128.7793341337
2018,United States,fpl_100200_total,15503120,96855.81340838555,15406264.186591614,15599975.813408386
2018,Utah,fpl_000100_disability,3327,1211.0322043612218,2115.967795638778,4538.032204361221
2018,Utah,fpl_000100_total,87445,8469.550519360517,78975.44948063948,95914.55051936052
2018,Utah,fpl_100200_disability,6602,1421.9458498831802,5180.05415011682,8023.94584988318
2018,Utah,fpl_100200_total,195363,10125.411942237215,185237.5880577628,205488.4119422372
2018,Vermont,fpl_000100_disability,2304,1092.8526890665548,1211.1473109334452,3396.852689066555
2018,Vermont,fpl_000100_total,13712,2145.4421455727957,11566.557854427205,15857.442145572795
2018,Vermont,fpl_100200_disability,1604,677.5684467269709,926.4315532730291,2281.568446726971
2018,Vermont,fpl_100200_total,19940,2300.277591944068,17639.72240805593,22240.27759194407
2018,Virginia,fpl_000100_disability,17258,2679.859324666129,14578.14067533387,19937.85932466613
2018,Virginia,fpl_000100_total,252475,13345.311011737418,239129.68898826258,265820.31101173745
2018,Virginia,fpl_100200_disability,18508,2391.878759469217,16116.121240530783,20899.87875946922
2018,Virginia,fpl_100200_total,318451,12280.0739004291,306170.9260995709,330731.0739004291
2018,Washington,fpl_000100_disability,12969,2124.2264474391613,10844.773552560839,15093.226447439161
2018,Washington,fpl_000100_total,204470,11708.454295935053,192761.54570406495,216178.45429593505
2018,Washington,fpl_100200_disability,14425,2222.9255498104294,12202.074450189572,16647.92554981043
2018,Washington,fpl_100200_total,308523,13389.461228891923,295133.5387711081,321912.4612288919
2018,West Virginia,fpl_000100_disability,6913,1483.4901415243717,5429.509858475629,8396.490141524371
2018,West Virginia,fpl_000100_total,86713,6645.677392109852,80067.32260789015,93358.67739210985
2018,West Virginia,fpl_100200_disability,5619,1543.6563736790647,4075.343626320935,7162.656373679065
2018,West Virginia,fpl_100200_total,86705,6658.954347343132,80046.04565265687,93363.95434734313
2018,Wisconsin,fpl_000100_disability,11768,1881.1576223166414,9886.842377683359,13649.157622316641
2018,Wisconsin,fpl_000100_total,175243,8747.901977045696,166495.0980229543,183990.9019770457
2018,Wisconsin,fpl_100200_disability,13145,2053.7538800937177,11091.246119906282,15198.753880093718
2018,Wisconsin,fpl_100200_total,246919,9355.17562635785,237563.82437364216,256274.17562635784
2018,Wyoming,fpl_000100_disability,697,474.6819988160495,222.3180011839505,1171.6819988160496
2018,Wyoming,fpl_000100_total,17986,2759.6025076086594,15226.397492391341,20745.60250760866
2018,Wyoming,fpl_100200_disability,1361,687.7819421880746,673.2180578119254,2048.7819421880745
2018,Wyoming,fpl_100200_total,25783,3700.304582058077,22082.695417941923,29483.304582058077
2019,Alabama,fpl_000100_disability,9299,1987.657415149804,7311.342584850196,11286.657415149804
2019,Alabama,fpl_000100_total,228412,11509.638830128424,216902.36116987158,239921.63883012842
2019,Alabama,fpl_100200_disability,12180,2372.3119525054035,9807.688047494597,14552.311952505403
2019,Alabama,fpl_100200_total,259700,13128.740228978559,246571.25977102143,272828.74022897857
2019,Alaska,fpl_000100_disability,1649,645.1371947113265,1003.8628052886735,2294.1371947113266
2019,Alaska,fpl_000100_total,22921,3234.615123936695,19686.384876063305,26155.615123936695
2019,Alaska,fpl_100200_disability,1270,587.4436143154508,682.5563856845492,1857.4436143154508
2019,Alaska,fpl_100200_total,33815,4154.239400901205,29660.760599098794,37969.239400901206
2019,Arizona,fpl_000100_disability,16614,2975.4129125215545,13638.587087478445,19589.412912521555
2019,Arizona,fpl_000100_total,308459,16212.846943088065,292246.15305691195,324671.84694308805
2019,Arizona,fpl_100200_disability,19692,2779.0489380361764,16912.951061963824,22471.048938036176
2019,Arizona,fpl_100200_total,390878,17249.0445532499,373628.9554467501,408127.0445532499
2019,Arkansas,fpl_000100_disability,13574,2065.285694522673,11508.714305477326,15639.285694522674
2019,Arkansas,fpl_000100_total,151448,9402.554227442668,142045.44577255734,160850.55422744266
2019,Arkansas,fpl_100200_disability,11395,2147.3423108577726,9247.657689142226,13542.342310857774
2019,Arkansas,fpl_100200_total,187130,10087.571362820687,177042.4286371793,197217.5713628207
2019,California,fpl_000100_disability,57939,5396.58484599288,52542.41515400712,63335.58484599288
2019,California,fpl_000100_total,1363574,30984.767434983274,1332589.2325650167,1394558.7674349833
2019,California,fpl_100200_disability,74011,6259.7208404209205,67751.27915957908,80270.72084042092
2019,California,fpl_100200_total,1869131,34724.04969182022,1834406.9503081797,1903855.0496918203
2019,Colorado,fpl_000100_disability,9047,2254.385725646789,6792.614274353211,11301.385725646789
2019,Colorado,fpl_000100_total,135405,10436.71653346971,124968.2834665303,145841.7165334697
2019,Colorado,fpl_100200_disability,11231,2184.1659735468825,9046.834026453118,13415.165973546882
2019,Colorado,fpl_100200_total,232888,13329.000937804754,219558.99906219525,246217.00093780475
2019,Connecticut,fpl_000100_disability,7851,2038.9041174120964,5812.095882587903,9889.904117412096
2019,Connecticut,fpl_000100_total,101233,8110.27410140989,93122.72589859011,109343.27410140989
2019,Connecticut,fpl_100200_disability,7009,1875.3994241227654,5133.600575877234,8884.399424122765
2019,Connecticut,fpl_100200_total,112426,8226.295034825824,104199.70496517417,120652.29503482583
2019,Delaware,fpl_000100_disability,2907,1501.2754577358546,1405.7245422641454,4408.275457735855
2019,Delaware,fpl_000100_total,32277,5178.660637655262,27098.339362344737,37455.66063765526
2019,Delaware,fpl_100200_disability,1268,637.2989879169745,630.7010120830255,1905.2989879169745
2019,Delaware,fpl_100200_total,36867,4814.172826145734,32052.827173854268,41681.17282614573
2019,Florida,fpl_000100_disability,47029,6522.648695123784,40506.35130487622,53551.64869512378
2019,Florida,fpl_000100_total,737415,27085.815734439308,710329.1842655607,764500.8157344393
2019,Florida,fpl_100200_disability,53416,5438.00542478582,47977.99457521418,58854.00542478582
2019,Florida,fpl_100200_total,1049548,30821.3578545787,1018726.6421454214,1080369.3578545786
2019,Georgia,fpl_000100_disability,23739,3598.833005294911,20140.16699470509,27337.83300529491
2019,Georgia,fpl_000100_total,461456,21533.281821403816,439922.7181785962,482989.2818214038
2019,Georgia,fpl_100200_disability,29111,4064.7114288716734,25046.288571128327,33175.71142887168
2019,Georgia,fpl_100200_total,591258,22453.47409645109,568804.5259035489,613711.4740964511
2019,Hawaii,fpl_000100_disability,2354,1234.8064625681225,1119.1935374318775,3588.8064625681227
2019,Hawaii,fpl_000100_total,36461,5089.590062077692,31371.409937922308,41550.590062077696
2019,Hawaii,fpl_100200_disability,2120,1009.076310295708,1110.923689704292,3129.076310295708
2019,Hawaii,fpl_100200_total,42426,5169.174885801408,37256.82511419859,47595.17488580141
2019,Idaho,fpl_000100_disability,4013,1047.6416372023402,2965.3583627976595,5060.6416372023405
2019,Idaho,fpl_000100_total,58188,6240.5083126296695,51947.49168737033,64428.50831262967
2019,Idaho,fpl_100200_disability,6034,1605.1205562199993,4428.879443780001,7639.120556219999
2019,Idaho,fpl_100200_total,121392,8775.19948491201,112616.80051508799,130167.19948491201
2019,Illinois,fpl_000100_disability,25387,3344.219938939423,22042.780061060577,28731.219938939423
2019,Illinois,fpl_000100_total,436327,17143.48832647545,419183.51167352457,453470.48832647543
2019,Illinois,fpl_100200_disability,23627,3046.5913739784664,20580.408626021534,26673.591373978466
2019,Illinois,fpl_100200_total,539736,17854.24492942785,521881.75507057214,557590.2449294279
2019,Indiana,fpl_000100_disability,16239,2660.502959968284,13578.497040031716,18899.502959968282
2019,Indiana,fpl_000100_total,230725,12796.984918331349,217928.01508166865,243521.98491833135
2019,Indiana,fpl_100200_disability,20352,2766.704537893412,17585.295462106587,23118.704537893413
2019,Indiana,fpl_100200_total,356962,15325.777957415408,341636.2220425846,372287.7779574154
2019,Iowa,fpl_000100_disability,5609,1094.7173151092477,4514.2826848907525,6703.7173151092475
2019,Iowa,fpl_000100_total,92018,6513.920862276422,85504.07913772357,98531.92086227643
2019,Iowa,fpl_100200_disability,6943,1415.9523297060534,5527.047670293947,8358.952329706053
2019,Iowa,fpl_100200_total,155431,8285.761582377325,147145.23841762266,163716.76158237734
2019,Kansas,fpl_000100_disability,8401,1776.3704568585913,6624.629543141409,10177.37045685859
2019,Kansas,fpl_000100_total,101094,7478.382378562894,93615.61762143711,108572.38237856289
2019,Kansas,fpl_100200_disability,8452,1675.5736331179241,6776.426366882076,10127.573633117925
2019,Kansas,fpl_100200_total,146003,7998.145410031003,138004.854589969,154001.145410031
2019,Kentucky,fpl_000100_disability,19675,2731.574454412693,16943.425545587306,22406.574454412694
2019,Kentucky,fpl_000100_total,212130,10697.137841497602,201432.8621585024,222827.1378414976
2019,Kentucky,fpl_100200_disability,15611,2455.924673111942,13155.075326888058,18066.924673111942
2019,Kentucky,fpl_100200_total,209793,10479.042990655205,199313.9570093448,220272.0429906552
2019,Louisiana,fpl_000100_disability,25716,4169.362061514927,21546.637938485073,29885.362061514927
2019,Louisiana,fpl_000100_total,288732,15174.32845301564,273557.67154698435,303906.32845301565
2019,Louisiana,fpl_100200_disability,9195,1721.7438833926492,7473.256116607351,10916.74388339265
2019,Louisiana,fpl_100200_total,212493,12672.143267813855,199820.85673218613,225165.14326781387
2019,Maine,fpl_000100_disability,3035,1033.3315053747272,2001.6684946252728,4068.3315053747274
2019,Maine,fpl_000100_total,32746,3692.0056879696162,29053.994312030383,36438.00568796961
2019,Maine,fpl_100200_disability,4279,1017.4296044444549,3261.570395555545,5296.4296044444545
2019,Maine,fpl_100200_total,48179,4654.371386127239,43524.62861387276,52833.37138612724
2019,Maryland,fpl_000100_disability,11567,2581.2632566245543,8985.736743375446,14148.263256624554
2019,Maryland,fpl_000100_total,156992,10893.057008939226,146098.9429910608,167885.0570089392
2019,Maryland,fpl_100200_disability,9804,2302.3392452025832,7501.660754797416,12106.339245202584
2019,Maryland,fpl_100200_total,212824,13280.378044317866,199543.62195568215,226104.37804431785
2019,Massachusetts,fpl_000100_disability,13889,2689.4480846448773,11199.551915355123,16578.44808464488
2019,Massachusetts,fpl_000100_total,154457,11834.808701453521,142622.19129854647,166291.80870145353
2019,Massachusetts,fpl_100200_disability,12560,2138.6521456281757,10421.347854371825,14698.652145628175
2019,Massachusetts,fpl_100200_total,188324,10397.113012755031,177926.88698724497,198721.11301275503
2019,Michigan,fpl_000100_disability,28040,3236.719635680545,24803.280364319457,31276.719635680543
2019,Michigan,fpl_000100_total,371020,15118.588393100727,355901.4116068993,386138.5883931007
2019,Michigan,fpl_100200_disability,26514,2821.943656418391,23692.056343581608,29335.943656418392
2019,Michigan,fpl_100200_total,450835,15837.33689734483,434997.66310265515,466672.33689734485
2019,Minnesota,fpl_000100_disability,11294,1894.4313130858031,9399.568686914197,13188.431313085803
2019,Minnesota,fpl_000100_total,143006,8624.363802623357,134381.63619737665,151630.36380262335
2019,Minnesota,fpl_100200_disability,8535,1559.9647431913324,6975.035256808667,10094.964743191333
2019,Minnesota,fpl_100200_total,208552,10174.799555765214,198377.2004442348,218726.7995557652
2019,Mississippi,fpl_000100_disability,12432,2268.9244147833574,10163.075585216642,14700.924414783358
2019,Mississippi,fpl_000100_total,192413,11401.88905401206,181011.11094598795,203814.88905401205
2019,Mississippi,fpl_100200_disability,10570,2354.1129964383613,8215.887003561638,12924.112996438362
2019,Mississippi,fpl_100200_total,165319,10127.139329544154,155191.86067045585,175446.13932954415
2019,Missouri,fpl_000100_disability,15452,2817.8655042425285,12634.134495757471,18269.865504242527
2019,Missouri,fpl_000100_total,229336,11624.530055017278,217711.46994498273,240960.53005501727
2019,Missouri,fpl_100200_disability,16950,2353.896131948052,14596.103868051949,19303.89613194805
2019,Missouri,fpl_100200_total,297013,12882.935806717349,284130.0641932826,309895.9358067174
2019,Montana,fpl_000100_disability,2370,871.4556787352986,1498.5443212647015,3241.4556787352985
2019,Montana,fpl_000100_total,32888,4000.92126890795,28887.07873109205,36888.92126890795
2019,Montana,fpl_100200_disability,1598,611.1153737225075,986.8846262774925,2209.1153737225077
2019,Montana,fpl_100200_total,45535,4426.850912330344,41108.149087669655,49961.850912330345
2019,Nebraska,fpl_000100_disability,1861,733.726106936369,1127.273893063631,2594.726106936369
2019,Nebraska,fpl_000100_total,51085,4915.9214802516935,46169.078519748306,56000.921480251694
2019,Nebraska,fpl_100200_disability,5896,1341.3824957855982,4554.617504214402,7237.382495785598
2019,Nebraska,fpl_100200_total,106299,6818.8344311913015,99480.1655688087,113117.8344311913
2019,Nevada,fpl_000100_disability,5993,1532.0137075104778,4460.986292489522,7525.013707510478
2019,Nevada,fpl_000100_total,114886,8934.721652071765,105951.27834792824,123820.72165207176
2019,Nevada,fpl_100200_disability,7497,1695.6547408007327,5801.345259199267,9192.654740800732
2019,Nevada,fpl_100200_total,163131,9840.492721403742,153290.50727859625,172971.49272140375
2019,New Hampshire,fpl_000100_disability,1710,825.8468381001406,884.1531618998594,2535.8468381001408
2019,New Hampshire,fpl_000100_total,17609,3020.986097286778,14588.01390271322,20629.98609728678
2019,New Hampshire,fpl_100200_disability,2924,1083.5594123074193,1840.4405876925807,4007.5594123074193
2019,New Hampshire,fpl_100200_total,35410,3997.1716250368836,31412.828374963115,39407.171625036885
2019,New Jersey,fpl_000100_disability,14075,2950.672974085742,11124.327025914257,17025.67297408574
2019,New Jersey,fpl_000100_total,235470,12416.330134141892,223053.6698658581,247886.3301341419
2019,New Jersey,fpl_100200_disability,19105,2795.720121900617,16309.279878099383,21900.720121900617
2019,New Jersey,fpl_100200_total,315749,14195.855381061052,301553.14461893897,329944.85538106103
2019,New Mexico,fpl_000100_disability,8444,2136.404222051623,6307.595777948377,10580.404222051624
2019,New Mexico,fpl_000100_total,115997,8949.04274210376,107047.95725789624,124946.04274210376
2019,New Mexico,fpl_100200_disability,6736,1895.639733704693,4840.360266295307,8631.639733704693
2019,New Mexico,fpl_100200_total,121307,8402.972688281214,112904.02731171879,129709.97268828121
2019,New York,fpl_000100_disability,46185,4569.412544299322,41615.587455700675,50754.412544299325
2019,New York,fpl_000100_total,711686,22025.12658306417,689660.8734169358,733711.1265830642
2019,New York,fpl_100200_disability,34466,4481.4121658245185,29984.58783417548,38947.41216582452
2019,New York,fpl_100200_total,726213,22154.81083196153,704058.1891680384,748367.8108319616
2019,North Carolina,fpl_000100_disability,26553,3471.6344853685273,23081.365514631474,30024.634485368526
2019,North Carolina,fpl_000100_total,440230,17155.495242049994,423074.50475795,457385.49524205
2019,North Carolina,fpl_100200_disability,28292,3764.401944532491,24527.598055467508,32056.401944532492
2019,North Carolina,fpl_100200_total,509020,18727.151011299076,490292.84898870095,527747.1510112991
2019,North Dakota,fpl_000100_disability,1344,676.055471096862,667.944528903138,2020.055471096862
2019,North Dakota,fpl_000100_total,17823,2925.8140747491116,14897.185925250888,20748.814074749112
2019,North Dakota,fpl_100200_disability,814,556.7225520849681,257.27744791503187,1370.7225520849681
2019,North Dakota,fpl_100200_total,31995,3979.5112765263025,28015.488723473696,35974.511276526304
2019,Ohio,fpl_000100_disability,35613,3848.7061462262873,31764.293853773714,39461.706146226286
2019,Ohio,fpl_000100_total,466168,17186.514451743846,448981.48554825614,483354.51445174386
2019,Ohio,fpl_100200_disability,37214,4022.1903236918065,33191.80967630819,41236.19032369181
2019,Ohio,fpl_100200_total,543380,17254.706778151867,526125.2932218481,560634.7067781519
2019,Oklahoma,fpl_000100_disability,12065,1583.1604467014706,10481.839553298529,13648.160446701471
2019,Oklahoma,fpl_000100_total,186392,7753.69008924138,178638.30991075863,194145.69008924137
2019,Oklahoma,fpl_100200_disability,13112,1749.0097198129004,11362.9902801871,14861.0097198129
2019,Oklahoma,fpl_100200_total,239358,10052.135593991956,229305.86440600804,249410.13559399196
2019,Oregon,fpl_000100_disability,10733,2971.2249998948246,7761.775000105175,13704.224999894825
2019,Oregon,fpl_000100_total,110323,8838.367609462734,101484.63239053727,119161.36760946273
2019,Oregon,fpl_100200_disability,12709,2587.342265723652,10121.657734276348,15296.342265723652
2019,Oregon,fpl_100200_total,170416,10650.898506698859,159765.10149330113,181066.89850669887
2019,Pennsylvania,fpl_000100_disability,41852,4769.0088068696205,37082.99119313038,46621.00880686962
2019,Pennsylvania,fpl_000100_total,434904,17519.21405200587,417384.78594799415,452423.21405200585
2019,Pennsylvania,fpl_100200_disability,35071,3542.8176639505455,31528.182336049453,38613.81766395055
2019,Pennsylvania,fpl_100200_total,507008,19071.8409179607,487936.1590820393,526079.8409179607
2019,Rhode Island,fpl_000100_disability,2910,1344.2313788927856,1565.7686211072144,4254.231378892786
2019,Rhode Island,fpl_000100_total,28009,4705.277781385495,23303.722218614505,32714.277781385495
2019,Rhode Island,fpl_100200_disability,2105,985.6206166674883,1119.3793833325117,3090.6206166674883
2019,Rhode Island,fpl_100200_total,34679,4877.454561551548,29801.54543844845,39556.454561551545
2019,South Carolina,fpl_000100_disability,13432,2495.1044066331174,10936.895593366882,15927.104406633118
2019,South Carolina,fpl_000100_total,214772,11932.766024690169,202839.23397530982,226704.76602469018
2019,South Carolina,fpl_100200_disability,11886,2129.902110426674,9756.097889573326,14015.902110426674
2019,South Carolina,fpl_100200_total,264008,13221.056576537292,250786.9434234627,277229.0565765373
2019,South Dakota,fpl_000100_disability,1385,743.3619575953561,641.6380424046439,2128.361957595356
2019,South Dakota,fpl_000100_total,31425,4041.057163663984,27383.942836336017,35466.05716366399
2019,South Dakota,fpl_100200_disability,1508,512.7143454205275,995.2856545794725,2020.7143454205275
2019,South Dakota,fpl_100200_total,43532,4051.82995694538,39480.17004305462,47583.82995694538
2019,Tennessee,fpl_000100_disability,21046,2819.712396681619,18226.287603318382,23865.712396681618
2019,Tennessee,fpl_000100_total,290815,13412.265282195995,277402.734717804,304227.265282196
2019,Tennessee,fpl_100200_disability,20575,3052.2945467303775,17522.705453269624,23627.294546730376
2019,Tennessee,fpl_100200_total,335903,15381.947113418379,320521.05288658163,351284.94711341837
2019,Texas,fpl_000100_disability,87249,7433.844563884827,79815.15543611518,94682.84456388482
2019,Texas,fpl_000100_total,1400918,35930.030837726816,1364987.9691622732,1436848.0308377268
2019,Texas,fpl_100200_disability,77849,6807.9575498089,71041.0424501911,84656.9575498089
2019,Texas,fpl_100200_total,1726914,39735.48790439095,1687178.512095609,1766649.487904391
2019,United States,fpl_000100_disability,783719,20290.98864028069,763428.0113597193,804009.9886402807
2019,United States,fpl_000100_total,12000470,104162.9599377821,11896307.040062217,12104632.959937783
2019,United States,fpl_100200_disability,785187,17501.224442878276,767685.7755571217,802688.2244428783
2019,United States,fpl_100200_total,15236318,104892.98679606755,15131425.013203932,15341210.986796068
2019,Utah,fpl_000100_disability,4831,1417.8741128887289,3413.1258871112714,6248.874112888729
2019,Utah,fpl_000100_total,91433,7891.5632798578,83541.4367201422,99324.5632798578
2019,Utah,fpl_100200_disability,6748,1685.9119194074167,5062.0880805925835,8433.911919407417
2019,Utah,fpl_100200_total,179565,10050.370590182234,169514.62940981778,189615.37059018222
2019,Vermont,fpl_000100_disability,1259,623.8004488616532,635.1995511383468,1882.8004488616532
2019,Vermont,fpl_000100_total,11320,1746.4297867363578,9573.570213263642,13066.429786736358
2019,Vermont,fpl_100200_disability,2072,852.6030729477815,1219.3969270522184,2924.6030729477816
2019,Vermont,fpl_100200_total,21954,2572.3613665268726,19381.63863347313,24526.36136652687
2019,Virginia,fpl_000100_disability,16724,2502.0655467033635,14221.934453296637,19226.065546703365
2019,Virginia,fpl_000100_total,244953,11956.723004234898,232996.2769957651,256909.7230042349
2019,Virginia,fpl_100200_disability,17539,2875.295810868857,14663.704189131142,20414.295810868858
2019,Virginia,fpl_100200_total,314300,15376.773621276994,298923.226378723,329676.773621277
2019,Washington,fpl_000100_disability,14770,2479.4364279005017,12290.563572099498,17249.436427900502
2019,Washington,fpl_000100_total,196520,12528.939899289166,183991.06010071083,209048.93989928917
2019,Washington,fpl_100200_disability,14861,2514.23129405391,12346.76870594609,17375.23129405391
2019,Washington,fpl_100200_total,300265,13729.587976337818,286535.4120236622,313994.5879763378
2019,West Virginia,fpl_000100_disability,5681,1319.63176681982,4361.36823318018,7000.63176681982
2019,West Virginia,fpl_000100_total,69975,6203.357155605342,63771.64284439466,76178.35715560534
2019,West Virginia,fpl_100200_disability,7567,2105.5248751795834,5461.475124820417,9672.524875179584
2019,West Virginia,fpl_100200_total,90937,7229.348103390789,83707.65189660921,98166.34810339079
2019,Wisconsin,fpl_000100_disability,10681,1811.5565130572106,8869.44348694279,12492.55651305721
2019,Wisconsin,fpl_000100_total,167605,8680.222923404675,158924.77707659532,176285.22292340468
2019,Wisconsin,fpl_100200_disability,12913,1827.403896241879,11085.596103758122,14740.403896241878
2019,Wisconsin,fpl_100200_total,245302,10392.59308353791,234909.4069164621,255694.5930835379
2019,Wyoming,fpl_000100_disability,1317,814.03255463157,502.96744536843005,2131.03255463157
2019,Wyoming,fpl_000100_total,15088,2676.2010387861374,12411.798961213863,17764.201038786137
2019,Wyoming,fpl_100200_disability,1290,919.7238716049508,370.2761283950492,2209.7238716049505
2019,Wyoming,fpl_100200_total,26078,3328.813001656897,22749.186998343102,29406.813001656898
